ProblemId,Id,Name,Url,Grade,Score,MaxScore,Difference
82224,efe9fa21-2ec8-4d29-ae1f-c141b73fd151,BLACK BEAUTY,black-beauty,8B,0,1153,1153
62575,efe9fa21-2ec8-4d29-ae1f-c141b73fd151,PROJECT 2,project-2,8A+,0,1103,1103
241045,efe9fa21-2ec8-4d29-ae1f-c141b73fd151,SHATTERED MERCY,shattered-mercy,8A+,0,1103,1103
350783,efe9fa21-2ec8-4d29-ae1f-c141b73fd151,ATTIC ADDICT,attic-addict,8A,0,1053,1053
23184,efe9fa21-2ec8-4d29-ae1f-c141b73fd151,BUNNY,bunny,8A,0,1053,1053
309814,efe9fa21-2ec8-4d29-ae1f-c141b73fd151,DANK ENERGY,dank-energy,8A,0,1053,1053
371579,efe9fa21-2ec8-4d29-ae1f-c141b73fd151,GNIBMILC,gnibmilc,8A,0,1053,1053
62560,efe9fa21-2ec8-4d29-ae1f-c141b73fd151,I BURNT OFF MEGOS,i-burnt-off-megos,8A,0,1053,1053
62275,efe9fa21-2ec8-4d29-ae1f-c141b73fd151,KAWASCHUWU,kawaschuwu,8A,0,1053,1053
335294,efe9fa21-2ec8-4d29-ae1f-c141b73fd151,NO PROBLEMSOLVER,no-problemsolver,8A,0,1053,1053
354762,efe9fa21-2ec8-4d29-ae1f-c141b73fd151,ONE ARMED BANDIT,one-armed-bandit,8A,0,1053,1053
30609,efe9fa21-2ec8-4d29-ae1f-c141b73fd151,ONE MOVE WONDER,one-move-wonder,8A,0,1053,1053
335177,efe9fa21-2ec8-4d29-ae1f-c141b73fd151,SNAKE AND EAGLE,snake-and-eagle,8A,0,1053,1053
30612,efe9fa21-2ec8-4d29-ae1f-c141b73fd151,THE PROJ,the-proj,8A,0,1053,1053
150763,efe9fa21-2ec8-4d29-ae1f-c141b73fd151,THIS IS PROB HARDER 8A,this-is-prob-harder-8a,8A,0,1053,1053
190466,efe9fa21-2ec8-4d29-ae1f-c141b73fd151,URALMASH,uralmash,8A,0,1053,1053
44178,efe9fa21-2ec8-4d29-ae1f-c141b73fd151,ACTION DIRECTE,action-directe,7C+,0,1003,1003
44578,efe9fa21-2ec8-4d29-ae1f-c141b73fd151,BACCATESTABANANA,baccatestabanana,7C+,0,1003,1003
281994,efe9fa21-2ec8-4d29-ae1f-c141b73fd151,BAD MOONBOARD RISING,bad-moonboard-rising,7C+,0,1003,1003
91747,efe9fa21-2ec8-4d29-ae1f-c141b73fd151,BICEPS,biceps,7C+,0,1003,1003
126612,efe9fa21-2ec8-4d29-ae1f-c141b73fd151,BIG CROSS,big-cross,7C+,0,1003,1003
111232,efe9fa21-2ec8-4d29-ae1f-c141b73fd151,BIRD CRIMPS 1,bird-crimps-1,7C+,0,1003,1003
21494,efe9fa21-2ec8-4d29-ae1f-c141b73fd151,BLACK CAT'S,black-cat-s,7C+,0,1003,1003
25904,efe9fa21-2ec8-4d29-ae1f-c141b73fd151,BOO,boo,7C+,0,1003,1003
322352,efe9fa21-2ec8-4d29-ae1f-c141b73fd151,CHOSSY MOONBOARD,chossy-moonboard,7C+,0,1003,1003
53487,efe9fa21-2ec8-4d29-ae1f-c141b73fd151,FIGHT OR FLIGHT,fight-or-flight,7C+,0,1003,1003
93258,efe9fa21-2ec8-4d29-ae1f-c141b73fd151,FORCE OF WILL,force-of-will,7C+,0,1003,1003
249317,efe9fa21-2ec8-4d29-ae1f-c141b73fd151,"HOLD UP, HOLD MY PHONE",hold-up-hold-my-phone,7C+,0,1003,1003
430586,efe9fa21-2ec8-4d29-ae1f-c141b73fd151,IMPLANTED KID,implanted-kid,7C+,0,1003,1003
176230,efe9fa21-2ec8-4d29-ae1f-c141b73fd151,JERBEAR SNARE,jerbear-snare,7C+,0,1003,1003
189344,efe9fa21-2ec8-4d29-ae1f-c141b73fd151,JUST TRAINING,just-training,7C+,0,1003,1003
126731,efe9fa21-2ec8-4d29-ae1f-c141b73fd151,MAD ABOUT YOU❤️,mad-about-you-️,7C+,0,1003,1003
421406,efe9fa21-2ec8-4d29-ae1f-c141b73fd151,MOON CHALLENGE,moon-challenge,7C+,0,1003,1003
19782,efe9fa21-2ec8-4d29-ae1f-c141b73fd151,NECTAR OF THE TODDS,nectar-of-the-todds,7C+,0,1003,1003
371138,efe9fa21-2ec8-4d29-ae1f-c141b73fd151,ODENS,odens,7C+,0,1003,1003
23601,efe9fa21-2ec8-4d29-ae1f-c141b73fd151,PICCOLE RIGHE,piccole-righe,7C+,0,1003,1003
21258,efe9fa21-2ec8-4d29-ae1f-c141b73fd151,PLEVEN STYLE DG,pleven-style-dg,7C+,0,1003,1003
331011,efe9fa21-2ec8-4d29-ae1f-c141b73fd151,POWERSLAVE TRAINER,powerslave-trainer,7C+,0,1003,1003
333650,efe9fa21-2ec8-4d29-ae1f-c141b73fd151,STAYIN BUCK,stayin-buck,7C+,0,1003,1003
71428,efe9fa21-2ec8-4d29-ae1f-c141b73fd151,WHISPING ASPENS,whisping-aspens,7C+,0,1003,1003
320798,efe9fa21-2ec8-4d29-ae1f-c141b73fd151,WOLF,wolf,7C+,0,1003,1003
43010,efe9fa21-2ec8-4d29-ae1f-c141b73fd151,ZANZIBAR,zanzibar,7C+,0,1003,1003
114322,efe9fa21-2ec8-4d29-ae1f-c141b73fd151,1 2 3 STELLA,1-2-3-stella,7C,0,953,953
227999,efe9fa21-2ec8-4d29-ae1f-c141b73fd151,40DEGREES4,40degrees4,7C,0,953,953
23192,efe9fa21-2ec8-4d29-ae1f-c141b73fd151,AFONFE,afonfe,7C,0,953,953
24624,efe9fa21-2ec8-4d29-ae1f-c141b73fd151,BACK IN THE GAME,back-in-the-game,7C,0,953,953
19646,efe9fa21-2ec8-4d29-ae1f-c141b73fd151,BLOW,blow,7C,0,953,953
54627,efe9fa21-2ec8-4d29-ae1f-c141b73fd151,BUBBLE GUMP,bubble-gump,7C,0,953,953
45211,efe9fa21-2ec8-4d29-ae1f-c141b73fd151,CRIMP TAI CHI,crimp-tai-chi,7C,0,953,953
43796,efe9fa21-2ec8-4d29-ae1f-c141b73fd151,DEEP,deep,7C,0,953,953
164525,efe9fa21-2ec8-4d29-ae1f-c141b73fd151,DRINKING PROBLEMS,drinking-problems,7C,0,953,953
93625,efe9fa21-2ec8-4d29-ae1f-c141b73fd151,FOREVER IMPOSSIBLE,forever-impossible,7C,0,953,953
47710,efe9fa21-2ec8-4d29-ae1f-c141b73fd151,FOUNDRY LEAGUE 1,foundry-league-1,7C,0,953,953
126481,efe9fa21-2ec8-4d29-ae1f-c141b73fd151,FULCRO HARD,fulcro-hard,7C,0,953,953
254625,efe9fa21-2ec8-4d29-ae1f-c141b73fd151,FÜR IMMER MEIN,für-immer-mein,7C,0,953,953
62267,efe9fa21-2ec8-4d29-ae1f-c141b73fd151,GO BIG OR GO HOME,go-big-or-go-home,7C,0,953,953
174899,efe9fa21-2ec8-4d29-ae1f-c141b73fd151,HAKUSAI,hakusai,7C,0,953,953
307353,efe9fa21-2ec8-4d29-ae1f-c141b73fd151,HIPSTER RIG,hipster-rig,7C,0,953,953
21492,efe9fa21-2ec8-4d29-ae1f-c141b73fd151,HONEY MUSTARD,honey-mustard,7C,0,953,953
374194,efe9fa21-2ec8-4d29-ae1f-c141b73fd151,I LIKE F15,i-like-f15,7C,0,953,953
52318,efe9fa21-2ec8-4d29-ae1f-c141b73fd151,IL MANFRUITO,il-manfruito,7C,0,953,953
158675,efe9fa21-2ec8-4d29-ae1f-c141b73fd151,INSURANCEBOGLI,insurancebogli,7C,0,953,953
42900,efe9fa21-2ec8-4d29-ae1f-c141b73fd151,JINHONG'S PROBLEM,jinhong-s-problem,7C,0,953,953
314510,efe9fa21-2ec8-4d29-ae1f-c141b73fd151,JOHANPOXAN,johanpoxan,7C,0,953,953
99088,efe9fa21-2ec8-4d29-ae1f-c141b73fd151,KABUKI GIRL,kabuki-girl,7C,0,953,953
27116,efe9fa21-2ec8-4d29-ae1f-c141b73fd151,LEOCREMAFLANDERS,leocremaflanders,7C,0,953,953
21112,efe9fa21-2ec8-4d29-ae1f-c141b73fd151,LIGHTER FEATHER,lighter-feather,7C,0,953,953
322939,efe9fa21-2ec8-4d29-ae1f-c141b73fd151,MASTERFUL GAP ALT,masterful-gap-alt,7C,0,953,953
27875,efe9fa21-2ec8-4d29-ae1f-c141b73fd151,MEZZIF,mezzif,7C,0,953,953
65097,efe9fa21-2ec8-4d29-ae1f-c141b73fd151,MINI PROJECT2,mini-project2,7C,0,953,953
234401,efe9fa21-2ec8-4d29-ae1f-c141b73fd151,MISSISSIPPI QUEEN,mississippi-queen,7C,0,953,953
334562,efe9fa21-2ec8-4d29-ae1f-c141b73fd151,PARTYBOY,partyboy,7C,0,953,953
332446,efe9fa21-2ec8-4d29-ae1f-c141b73fd151,PICCOLE LEFT,piccole-left,7C,0,953,953
19237,efe9fa21-2ec8-4d29-ae1f-c141b73fd151,PROBLEM 23,problem-23,7C,0,953,953
347242,efe9fa21-2ec8-4d29-ae1f-c141b73fd151,RILA MISSION,rila-mission,7C,0,953,953
260898,efe9fa21-2ec8-4d29-ae1f-c141b73fd151,S** ON THE BEACH,s-on-the-beach,7C,0,953,953
325637,efe9fa21-2ec8-4d29-ae1f-c141b73fd151,SALATHE,salathe,7C,0,953,953
46050,efe9fa21-2ec8-4d29-ae1f-c141b73fd151,SAREVOK,sarevok,7C,0,953,953
36070,efe9fa21-2ec8-4d29-ae1f-c141b73fd151,SCHOOL'S OUT,school-s-out,7C,0,953,953
23182,efe9fa21-2ec8-4d29-ae1f-c141b73fd151,SENSEI,sensei,7C,0,953,953
71190,efe9fa21-2ec8-4d29-ae1f-c141b73fd151,SEOUL SLINGER,seoul-slinger,7C,0,953,953
44158,efe9fa21-2ec8-4d29-ae1f-c141b73fd151,SHOULDER MOVE,shoulder-move,7C,0,953,953
129809,efe9fa21-2ec8-4d29-ae1f-c141b73fd151,SHRIMP CRIMPS,shrimp-crimps,7C,0,953,953
307637,efe9fa21-2ec8-4d29-ae1f-c141b73fd151,SIN REGLETA NO HAY PARAIS,sin-regleta-no-hay-parais,7C,0,953,953
41437,efe9fa21-2ec8-4d29-ae1f-c141b73fd151,SOULMOVES SOUTH 2016,soulmoves-south-2016,7C,0,953,953
324257,efe9fa21-2ec8-4d29-ae1f-c141b73fd151,STATIK,statik,7C,0,953,953
25556,efe9fa21-2ec8-4d29-ae1f-c141b73fd151,THE GOLDEN BOUGH,the-golden-bough,7C,0,953,953
332329,efe9fa21-2ec8-4d29-ae1f-c141b73fd151,TIME TO DIE,time-to-die,7C,0,953,953
51353,efe9fa21-2ec8-4d29-ae1f-c141b73fd151,UNDISCLOSED DESIRE,undisclosed-desire,7C,0,953,953
83988,efe9fa21-2ec8-4d29-ae1f-c141b73fd151,2017,2017,7B+,0,903,903
77712,efe9fa21-2ec8-4d29-ae1f-c141b73fd151,BAZOO,bazoo,7B+,0,903,903
83348,efe9fa21-2ec8-4d29-ae1f-c141b73fd151,BIG SWING DADDY,big-swing-daddy,7B+,0,903,903
20698,efe9fa21-2ec8-4d29-ae1f-c141b73fd151,BOOGIEWOOGIE,boogiewoogie,7B+,0,903,903
133998,efe9fa21-2ec8-4d29-ae1f-c141b73fd151,BOTTIGLIA DI PISCIO,bottiglia-di-piscio,7B+,0,903,903
314515,efe9fa21-2ec8-4d29-ae1f-c141b73fd151,BZ - L'INCAL NOIR,bz-l-incal-noir,7B+,0,903,903
191609,efe9fa21-2ec8-4d29-ae1f-c141b73fd151,CAPITANBOGLI,capitanbogli,7B+,0,903,903
79055,efe9fa21-2ec8-4d29-ae1f-c141b73fd151,CAPPONE,cappone,7B+,0,903,903
305700,efe9fa21-2ec8-4d29-ae1f-c141b73fd151,CAVEMAN,caveman,7B+,0,903,903
74717,efe9fa21-2ec8-4d29-ae1f-c141b73fd151,DAS SCHNITZEL ALT,das-schnitzel-alt,7B+,0,903,903
22257,efe9fa21-2ec8-4d29-ae1f-c141b73fd151,FEEL THE SLOPER,feel-the-sloper,7B+,0,903,903
411950,efe9fa21-2ec8-4d29-ae1f-c141b73fd151,GO BIG SIM,go-big-sim,7B+,0,903,903
39709,efe9fa21-2ec8-4d29-ae1f-c141b73fd151,GOLIATH,goliath,7B+,0,903,903
324296,efe9fa21-2ec8-4d29-ae1f-c141b73fd151,GRACEFULLY,gracefully,7B+,0,903,903
207309,efe9fa21-2ec8-4d29-ae1f-c141b73fd151,KILLER BEE,killer-bee,7B+,0,903,903
28178,efe9fa21-2ec8-4d29-ae1f-c141b73fd151,LEOBOB,leobob,7B+,0,903,903
104914,efe9fa21-2ec8-4d29-ae1f-c141b73fd151,MELLOW YELLOW,mellow-yellow,7B+,0,903,903
50322,efe9fa21-2ec8-4d29-ae1f-c141b73fd151,MENABREA,menabrea,7B+,0,903,903
463354,efe9fa21-2ec8-4d29-ae1f-c141b73fd151,MIMÌ GOURMET,mimì-gourmet,7B+,0,903,903
423473,efe9fa21-2ec8-4d29-ae1f-c141b73fd151,MINI BO,mini-bo,7B+,0,903,903
37526,efe9fa21-2ec8-4d29-ae1f-c141b73fd151,PARROT,parrot,7B+,0,903,903
19229,efe9fa21-2ec8-4d29-ae1f-c141b73fd151,PROBLEM 15,problem-15,7B+,0,903,903
326672,efe9fa21-2ec8-4d29-ae1f-c141b73fd151,RADIANCE,radiance,7B+,0,903,903
452800,efe9fa21-2ec8-4d29-ae1f-c141b73fd151,SEOLDDUGI4,seolddugi4,7B+,0,903,903
393222,efe9fa21-2ec8-4d29-ae1f-c141b73fd151,SORA MAFFEI,sora-maffei,7B+,0,903,903
293424,efe9fa21-2ec8-4d29-ae1f-c141b73fd151,STAPLES,staples,7B+,0,903,903
23186,efe9fa21-2ec8-4d29-ae1f-c141b73fd151,THE GREY,the-grey,7B+,0,903,903
40784,efe9fa21-2ec8-4d29-ae1f-c141b73fd151,THE JAYBOY IDENTITY,the-jayboy-identity,7B+,0,903,903
305824,efe9fa21-2ec8-4d29-ae1f-c141b73fd151,THE MICE,the-mice,7B+,0,903,903
83919,efe9fa21-2ec8-4d29-ae1f-c141b73fd151,THE YEAR OF THE ROOSTER,the-year-of-the-rooster,7B+,0,903,903
118145,efe9fa21-2ec8-4d29-ae1f-c141b73fd151,VALENTINES DAY SPECIAL,valentines-day-special,7B+,0,903,903
48939,efe9fa21-2ec8-4d29-ae1f-c141b73fd151,VERTICAL AXIS,vertical-axis,7B+,0,903,903
313118,efe9fa21-2ec8-4d29-ae1f-c141b73fd151,#STABLEGENIUS,-stablegenius,7B,0,853,853
345039,efe9fa21-2ec8-4d29-ae1f-c141b73fd151,05281924,05281924,7B,0,853,853
44327,efe9fa21-2ec8-4d29-ae1f-c141b73fd151,180+,180,7B,0,853,853
320394,efe9fa21-2ec8-4d29-ae1f-c141b73fd151,A MINOR TEST OF STRENGTH,a-minor-test-of-strength,7B,0,853,853
415106,efe9fa21-2ec8-4d29-ae1f-c141b73fd151,ABOMINIO,abominio,7B,0,853,853
320793,efe9fa21-2ec8-4d29-ae1f-c141b73fd151,AIRMAX,airmax,7B,0,853,853
332721,efe9fa21-2ec8-4d29-ae1f-c141b73fd151,BILL CLINTON’S SAX VAR,bill-clinton-s-sax-var,7B,0,853,853
395434,efe9fa21-2ec8-4d29-ae1f-c141b73fd151,BOGLI MARRY ME,bogli-marry-me,7B,0,853,853
199290,efe9fa21-2ec8-4d29-ae1f-c141b73fd151,CALIFFONE,califfone,7B,0,853,853
20249,efe9fa21-2ec8-4d29-ae1f-c141b73fd151,CAPTAIN FITZROY,captain-fitzroy,7B,0,853,853
176870,efe9fa21-2ec8-4d29-ae1f-c141b73fd151,CARBON &OCK,carbon-ock,7B,0,853,853
279557,efe9fa21-2ec8-4d29-ae1f-c141b73fd151,COCA&AMP;MIGNOTTE,coca-amp-mignotte,7B,0,853,853
292263,efe9fa21-2ec8-4d29-ae1f-c141b73fd151,COZZA,cozza,7B,0,853,853
35870,efe9fa21-2ec8-4d29-ae1f-c141b73fd151,CROSS THROUGH HARD,cross-through-hard,7B,0,853,853
53544,efe9fa21-2ec8-4d29-ae1f-c141b73fd151,DIAGONALE,diagonale,7B,0,853,853
307869,efe9fa21-2ec8-4d29-ae1f-c141b73fd151,FALLING ON JUGS,falling-on-jugs,7B,0,853,853
306883,efe9fa21-2ec8-4d29-ae1f-c141b73fd151,FEATHERBAGGER,featherbagger,7B,0,853,853
118171,efe9fa21-2ec8-4d29-ae1f-c141b73fd151,FOCCHIA IS MYFRIEND  ?,focchia-is-myfriend,7B,0,853,853
80818,efe9fa21-2ec8-4d29-ae1f-c141b73fd151,FOR HOONY,for-hoony,7B,0,853,853
268062,efe9fa21-2ec8-4d29-ae1f-c141b73fd151,GLIMMER,glimmer,7B,0,853,853
387527,efe9fa21-2ec8-4d29-ae1f-c141b73fd151,H15 IS A GASTON!,h15-is-a-gaston,7B,0,853,853
256313,efe9fa21-2ec8-4d29-ae1f-c141b73fd151,HANGBOARD NOT REQUIRED,hangboard-not-required,7B,0,853,853
19632,efe9fa21-2ec8-4d29-ae1f-c141b73fd151,HARD MARK AND LARD,hard-mark-and-lard,7B,0,853,853
20253,efe9fa21-2ec8-4d29-ae1f-c141b73fd151,I WANT MILK MOO VAR,i-want-milk-moo-var,7B,0,853,853
133992,efe9fa21-2ec8-4d29-ae1f-c141b73fd151,IL SUONO DEL MALE,il-suono-del-male,7B,0,853,853
192428,efe9fa21-2ec8-4d29-ae1f-c141b73fd151,IRONARM,ironarm,7B,0,853,853
23720,efe9fa21-2ec8-4d29-ae1f-c141b73fd151,JERBEAR,jerbear,7B,0,853,853
59580,efe9fa21-2ec8-4d29-ae1f-c141b73fd151,JORDAN 2 VAR,jordan-2-var,7B,0,853,853
62144,efe9fa21-2ec8-4d29-ae1f-c141b73fd151,KMFF 2016 2,kmff-2016-2,7B,0,853,853
34964,efe9fa21-2ec8-4d29-ae1f-c141b73fd151,KOKOLO,kokolo,7B,0,853,853
20263,efe9fa21-2ec8-4d29-ae1f-c141b73fd151,LORRI,lorri,7B,0,853,853
141821,efe9fa21-2ec8-4d29-ae1f-c141b73fd151,LUISIANA BLUES,luisiana-blues,7B,0,853,853
50106,efe9fa21-2ec8-4d29-ae1f-c141b73fd151,MARK'S FAVORITE PROBLEM,mark-s-favorite-problem,7B,0,853,853
214484,efe9fa21-2ec8-4d29-ae1f-c141b73fd151,MICHI CAVALLO,michi-cavallo,7B,0,853,853
164874,efe9fa21-2ec8-4d29-ae1f-c141b73fd151,ORIGINAL BROCCOLI BOY,original-broccoli-boy,7B,0,853,853
37896,efe9fa21-2ec8-4d29-ae1f-c141b73fd151,PENAY COLADA,penay-colada,7B,0,853,853
171796,efe9fa21-2ec8-4d29-ae1f-c141b73fd151,PIETRINO SUPERSTAR,pietrino-superstar,7B,0,853,853
74696,efe9fa21-2ec8-4d29-ae1f-c141b73fd151,POST CAPTAIN,post-captain,7B,0,853,853
432745,efe9fa21-2ec8-4d29-ae1f-c141b73fd151,RUNNIN,runnin,7B,0,853,853
151614,efe9fa21-2ec8-4d29-ae1f-c141b73fd151,S1,s1,7B,0,853,853
388317,efe9fa21-2ec8-4d29-ae1f-c141b73fd151,SHOULDERNESS,shoulderness,7B,0,853,853
70284,efe9fa21-2ec8-4d29-ae1f-c141b73fd151,SHRINE 4,shrine-4,7B,0,853,853
368274,efe9fa21-2ec8-4d29-ae1f-c141b73fd151,SLING BLADE RETURNS,sling-blade-returns,7B,0,853,853
29598,efe9fa21-2ec8-4d29-ae1f-c141b73fd151,SO EASY,so-easy,7B,0,853,853
42911,efe9fa21-2ec8-4d29-ae1f-c141b73fd151,SOULJACKER,souljacker,7B,0,853,853
412092,efe9fa21-2ec8-4d29-ae1f-c141b73fd151,STEEL SUN,steel-sun,7B,0,853,853
56494,efe9fa21-2ec8-4d29-ae1f-c141b73fd151,STOOOKED,stoooked,7B,0,853,853
19956,efe9fa21-2ec8-4d29-ae1f-c141b73fd151,SUPERSTAR FINISH,superstar-finish,7B,0,853,853
333221,efe9fa21-2ec8-4d29-ae1f-c141b73fd151,THE CHOSEN FEW,the-chosen-few,7B,0,853,853
185959,efe9fa21-2ec8-4d29-ae1f-c141b73fd151,THE DECEIVERS,the-deceivers,7B,0,853,853
332448,efe9fa21-2ec8-4d29-ae1f-c141b73fd151,THE MICE ARE MEN,the-mice-are-men,7B,0,853,853
84177,efe9fa21-2ec8-4d29-ae1f-c141b73fd151,TO WARMER WATERS,to-warmer-waters,7B,0,853,853
31140,efe9fa21-2ec8-4d29-ae1f-c141b73fd151,TROODON REPOSING,troodon-reposing,7B,0,853,853
85367,efe9fa21-2ec8-4d29-ae1f-c141b73fd151,UNE WAY,une-way,7B,0,853,853
70034,efe9fa21-2ec8-4d29-ae1f-c141b73fd151,VISUALIZZA STOC......,visualizza-stoc,7B,0,853,853
19222,efe9fa21-2ec8-4d29-ae1f-c141b73fd151,VURT,vurt,7B,0,853,853
202064,efe9fa21-2ec8-4d29-ae1f-c141b73fd151,WEEL OF WOLVO,weel-of-wolvo,7B,0,853,853
322239,efe9fa21-2ec8-4d29-ae1f-c141b73fd151,WHAT IF I GO?,what-if-i-go,7B,0,853,853
394584,efe9fa21-2ec8-4d29-ae1f-c141b73fd151,WORDS OF MEANING,words-of-meaning,7B,0,853,853
98754,efe9fa21-2ec8-4d29-ae1f-c141b73fd151,課題8,課題8,7B,0,853,853
251124,efe9fa21-2ec8-4d29-ae1f-c141b73fd151,45 MAGNUM,45-magnum,7A+,0,803,803
30526,efe9fa21-2ec8-4d29-ae1f-c141b73fd151,5 FINGER DISCOUNT,5-finger-discount,7A+,0,803,803
26083,efe9fa21-2ec8-4d29-ae1f-c141b73fd151,A JUMP TO FAR,a-jump-to-far,7A+,0,803,803
27956,efe9fa21-2ec8-4d29-ae1f-c141b73fd151,ACG13 VAR,acg13-var,7A+,0,803,803
22859,efe9fa21-2ec8-4d29-ae1f-c141b73fd151,ACG23,acg23,7A+,0,803,803
54766,efe9fa21-2ec8-4d29-ae1f-c141b73fd151,ACG64,acg64,7A+,0,803,803
22596,efe9fa21-2ec8-4d29-ae1f-c141b73fd151,AIR FORCE,air-force,7A+,0,803,803
46465,efe9fa21-2ec8-4d29-ae1f-c141b73fd151,AIRFORCE DIRECT,airforce-direct,7A+,0,803,803
78992,efe9fa21-2ec8-4d29-ae1f-c141b73fd151,AIRFORCE MOLDOVA - MORPHO,airforce-moldova-morpho,7A+,0,803,803
313402,efe9fa21-2ec8-4d29-ae1f-c141b73fd151,ALL NIGHT CACTUS,all-night-cactus,7A+,0,803,803
179415,efe9fa21-2ec8-4d29-ae1f-c141b73fd151,ALLA FRUTTA ??,alla-frutta,7A+,0,803,803
307489,efe9fa21-2ec8-4d29-ae1f-c141b73fd151,AMBI-TURNER,ambi-turner,7A+,0,803,803
62351,efe9fa21-2ec8-4d29-ae1f-c141b73fd151,APPLESAUCE,applesauce,7A+,0,803,803
31773,efe9fa21-2ec8-4d29-ae1f-c141b73fd151,AUSTRORAPTOR,austroraptor,7A+,0,803,803
34686,efe9fa21-2ec8-4d29-ae1f-c141b73fd151,BATTLE OF THE PUDGE,battle-of-the-pudge,7A+,0,803,803
68881,efe9fa21-2ec8-4d29-ae1f-c141b73fd151,BBK1,bbk1,7A+,0,803,803
306777,efe9fa21-2ec8-4d29-ae1f-c141b73fd151,BLACK BEATLE,black-beatle,7A+,0,803,803
60962,efe9fa21-2ec8-4d29-ae1f-c141b73fd151,BLOOD AND SWEAT,blood-and-sweat,7A+,0,803,803
24196,efe9fa21-2ec8-4d29-ae1f-c141b73fd151,CHEDDAR BOB CUTS LOOSE,cheddar-bob-cuts-loose,7A+,0,803,803
47136,efe9fa21-2ec8-4d29-ae1f-c141b73fd151,CHIPPY,chippy,7A+,0,803,803
452912,efe9fa21-2ec8-4d29-ae1f-c141b73fd151,CONTROL OVER B7,control-over-b7,7A+,0,803,803
185363,efe9fa21-2ec8-4d29-ae1f-c141b73fd151,CREMA.,crema,7A+,0,803,803
86013,efe9fa21-2ec8-4d29-ae1f-c141b73fd151,CWANK,cwank,7A+,0,803,803
20923,efe9fa21-2ec8-4d29-ae1f-c141b73fd151,DEJA ENTENDU,deja-entendu,7A+,0,803,803
201020,efe9fa21-2ec8-4d29-ae1f-c141b73fd151,DOYOUWHANTAGRAPPA,doyouwhantagrappa,7A+,0,803,803
112929,efe9fa21-2ec8-4d29-ae1f-c141b73fd151,ELAN'S,elan-s,7A+,0,803,803
160922,efe9fa21-2ec8-4d29-ae1f-c141b73fd151,FINGERS CROSSED,fingers-crossed,7A+,0,803,803
380649,efe9fa21-2ec8-4d29-ae1f-c141b73fd151,FRENDSHIP,frendship,7A+,0,803,803
48723,efe9fa21-2ec8-4d29-ae1f-c141b73fd151,FROCENZO SURPRISED,frocenzo-surprised,7A+,0,803,803
65480,efe9fa21-2ec8-4d29-ae1f-c141b73fd151,GOLDENLINE,goldenline,7A+,0,803,803
310106,efe9fa21-2ec8-4d29-ae1f-c141b73fd151,GRANDMA’S INCONSISTENCY,grandma-s-inconsistency,7A+,0,803,803
93897,efe9fa21-2ec8-4d29-ae1f-c141b73fd151,GRIP 01,grip-01,7A+,0,803,803
19732,efe9fa21-2ec8-4d29-ae1f-c141b73fd151,HARD PULL ON VAR,hard-pull-on-var,7A+,0,803,803
33675,efe9fa21-2ec8-4d29-ae1f-c141b73fd151,HIGH STEPPIN',high-steppin,7A+,0,803,803
93247,efe9fa21-2ec8-4d29-ae1f-c141b73fd151,HMM MAYBE,hmm-maybe,7A+,0,803,803
305598,efe9fa21-2ec8-4d29-ae1f-c141b73fd151,HOOPLA,hoopla,7A+,0,803,803
25521,efe9fa21-2ec8-4d29-ae1f-c141b73fd151,JLOOP,jloop,7A+,0,803,803
63365,efe9fa21-2ec8-4d29-ae1f-c141b73fd151,KEGEL CRUNCH,kegel-crunch,7A+,0,803,803
55559,efe9fa21-2ec8-4d29-ae1f-c141b73fd151,KIKKO,kikko,7A+,0,803,803
62126,efe9fa21-2ec8-4d29-ae1f-c141b73fd151,KMFF 2016,kmff-2016,7A+,0,803,803
38187,efe9fa21-2ec8-4d29-ae1f-c141b73fd151,LA FIN DE L'ÉTÉ,la-fin-de-l-été,7A+,0,803,803
20149,efe9fa21-2ec8-4d29-ae1f-c141b73fd151,LADYBUG,ladybug,7A+,0,803,803
44384,efe9fa21-2ec8-4d29-ae1f-c141b73fd151,LEFTSIDE SKILLS,leftside-skills,7A+,0,803,803
156084,efe9fa21-2ec8-4d29-ae1f-c141b73fd151,L'HO DURO DURO,l-ho-duro-duro,7A+,0,803,803
45232,efe9fa21-2ec8-4d29-ae1f-c141b73fd151,LOCK N' LOAD VARIANT,lock-n-load-variant,7A+,0,803,803
20790,efe9fa21-2ec8-4d29-ae1f-c141b73fd151,MASTERFUL GAP,masterful-gap,7A+,0,803,803
69023,efe9fa21-2ec8-4d29-ae1f-c141b73fd151,MATCHING,matching,7A+,0,803,803
246148,efe9fa21-2ec8-4d29-ae1f-c141b73fd151,MEAGAN FARTIN,meagan-fartin,7A+,0,803,803
20316,efe9fa21-2ec8-4d29-ae1f-c141b73fd151,MELET,melet,7A+,0,803,803
104439,efe9fa21-2ec8-4d29-ae1f-c141b73fd151,MONDAY TO MONDAY,monday-to-monday,7A+,0,803,803
119861,efe9fa21-2ec8-4d29-ae1f-c141b73fd151,MUFASA,mufasa,7A+,0,803,803
24838,efe9fa21-2ec8-4d29-ae1f-c141b73fd151,NANO,nano,7A+,0,803,803
381495,efe9fa21-2ec8-4d29-ae1f-c141b73fd151,NON POSSO?,non-posso,7A+,0,803,803
23632,efe9fa21-2ec8-4d29-ae1f-c141b73fd151,NORTH DAKOTA,north-dakota,7A+,0,803,803
57603,efe9fa21-2ec8-4d29-ae1f-c141b73fd151,OUCH.,ouch,7A+,0,803,803
28020,efe9fa21-2ec8-4d29-ae1f-c141b73fd151,OVERHEAD,overhead,7A+,0,803,803
371776,efe9fa21-2ec8-4d29-ae1f-c141b73fd151,PANCAKES ARE KING,pancakes-are-king,7A+,0,803,803
54681,efe9fa21-2ec8-4d29-ae1f-c141b73fd151,PASSIVE/AGGRESSIVE,passive-aggressive,7A+,0,803,803
441349,efe9fa21-2ec8-4d29-ae1f-c141b73fd151,PINCH OF SALTY,pinch-of-salty,7A+,0,803,803
306940,efe9fa21-2ec8-4d29-ae1f-c141b73fd151,PLASTIQUE,plastique,7A+,0,803,803
93635,efe9fa21-2ec8-4d29-ae1f-c141b73fd151,POWER CAT,power-cat,7A+,0,803,803
19230,efe9fa21-2ec8-4d29-ae1f-c141b73fd151,PROBLEM 16,problem-16,7A+,0,803,803
19223,efe9fa21-2ec8-4d29-ae1f-c141b73fd151,PROBLEM 9,problem-9,7A+,0,803,803
79926,efe9fa21-2ec8-4d29-ae1f-c141b73fd151,QUIZMO,quizmo,7A+,0,803,803
395431,efe9fa21-2ec8-4d29-ae1f-c141b73fd151,RED RONNIE,red-ronnie,7A+,0,803,803
59614,efe9fa21-2ec8-4d29-ae1f-c141b73fd151,ROBIOLLA,robiolla,7A+,0,803,803
21082,efe9fa21-2ec8-4d29-ae1f-c141b73fd151,SALAD NIGHTS,salad-nights,7A+,0,803,803
24126,efe9fa21-2ec8-4d29-ae1f-c141b73fd151,SANDMAN,sandman,7A+,0,803,803
20437,efe9fa21-2ec8-4d29-ae1f-c141b73fd151,SCHWARTZ SCHNEIDER,schwartz-schneider,7A+,0,803,803
170957,efe9fa21-2ec8-4d29-ae1f-c141b73fd151,SEPTIC SHOCK,septic-shock,7A+,0,803,803
192888,efe9fa21-2ec8-4d29-ae1f-c141b73fd151,SEVENTENSION,seventension,7A+,0,803,803
189969,efe9fa21-2ec8-4d29-ae1f-c141b73fd151,SNAPBACK,snapback,7A+,0,803,803
24681,efe9fa21-2ec8-4d29-ae1f-c141b73fd151,SOUTH DAKOTA,south-dakota,7A+,0,803,803
106472,efe9fa21-2ec8-4d29-ae1f-c141b73fd151,THE BIG EASY,the-big-easy,7A+,0,803,803
82930,efe9fa21-2ec8-4d29-ae1f-c141b73fd151,TIME MASTER,time-master,7A+,0,803,803
305656,efe9fa21-2ec8-4d29-ae1f-c141b73fd151,TJOCKIS,tjockis,7A+,0,803,803
114961,efe9fa21-2ec8-4d29-ae1f-c141b73fd151,TRATTORIA OLMO,trattoria-olmo,7A+,0,803,803
322026,efe9fa21-2ec8-4d29-ae1f-c141b73fd151,ULTRALIGHT,ultralight,7A+,0,803,803
171787,efe9fa21-2ec8-4d29-ae1f-c141b73fd151,VANILLA,vanilla,7A+,0,803,803
105100,efe9fa21-2ec8-4d29-ae1f-c141b73fd151,WANG SPECIAL 2,wang-special-2,7A+,0,803,803
369878,efe9fa21-2ec8-4d29-ae1f-c141b73fd151,WILD,wild,7A+,0,803,803
27961,efe9fa21-2ec8-4d29-ae1f-c141b73fd151,WILLS VAR,wills-var,7A+,0,803,803
73998,efe9fa21-2ec8-4d29-ae1f-c141b73fd151,2 HOURS OF PURITY RING,2-hours-of-purity-ring,7A,0,753,753
22861,efe9fa21-2ec8-4d29-ae1f-c141b73fd151,ACG24,acg24,7A,0,753,753
43276,efe9fa21-2ec8-4d29-ae1f-c141b73fd151,ACG48,acg48,7A,0,753,753
53494,efe9fa21-2ec8-4d29-ae1f-c141b73fd151,ALMOST THERE,almost-there,7A,0,753,753
109863,efe9fa21-2ec8-4d29-ae1f-c141b73fd151,ALPHA,alpha,7A,0,753,753
20377,efe9fa21-2ec8-4d29-ae1f-c141b73fd151,ASG3,asg3,7A,0,753,753
313826,efe9fa21-2ec8-4d29-ae1f-c141b73fd151,B. B. SWING,b-b-swing,7A,0,753,753
297887,efe9fa21-2ec8-4d29-ae1f-c141b73fd151,B.O.B.,b-o-b,7A,0,753,753
46045,efe9fa21-2ec8-4d29-ae1f-c141b73fd151,BAF,baf,7A,0,753,753
53492,efe9fa21-2ec8-4d29-ae1f-c141b73fd151,BIG UPS,big-ups,7A,0,753,753
22343,efe9fa21-2ec8-4d29-ae1f-c141b73fd151,BIRDS OF A FEATHER,birds-of-a-feather,7A,0,753,753
43190,efe9fa21-2ec8-4d29-ae1f-c141b73fd151,BIRTHDAY BOULDER,birthday-boulder,7A,0,753,753
171918,efe9fa21-2ec8-4d29-ae1f-c141b73fd151,BLACK PEPPER,black-pepper,7A,0,753,753
23360,efe9fa21-2ec8-4d29-ae1f-c141b73fd151,BLACKFISH,blackfish,7A,0,753,753
82666,efe9fa21-2ec8-4d29-ae1f-c141b73fd151,BLOCAGE,blocage,7A,0,753,753
114443,efe9fa21-2ec8-4d29-ae1f-c141b73fd151,BORNEO,borneo,7A,0,753,753
63522,efe9fa21-2ec8-4d29-ae1f-c141b73fd151,BOULDAWELT,bouldawelt,7A,0,753,753
150053,efe9fa21-2ec8-4d29-ae1f-c141b73fd151,BRUCE LEMUR,bruce-lemur,7A,0,753,753
29805,efe9fa21-2ec8-4d29-ae1f-c141b73fd151,CAROGNA,carogna,7A,0,753,753
26169,efe9fa21-2ec8-4d29-ae1f-c141b73fd151,CHIRPING BIRDS,chirping-birds,7A,0,753,753
184462,efe9fa21-2ec8-4d29-ae1f-c141b73fd151,CHUPAPIES,chupapies,7A,0,753,753
35590,efe9fa21-2ec8-4d29-ae1f-c141b73fd151,"COAX ME, YOU BAST***",coax-me-you-bast,7A,0,753,753
59598,efe9fa21-2ec8-4d29-ae1f-c141b73fd151,COUNTDOWN,countdown,7A,0,753,753
20700,efe9fa21-2ec8-4d29-ae1f-c141b73fd151,CROSS THROUGH,cross-through,7A,0,753,753
44029,efe9fa21-2ec8-4d29-ae1f-c141b73fd151,CROSSOVER,crossover,7A,0,753,753
79951,efe9fa21-2ec8-4d29-ae1f-c141b73fd151,DELIVERY,delivery,7A,0,753,753
99677,efe9fa21-2ec8-4d29-ae1f-c141b73fd151,DI RIENZO,di-rienzo,7A,0,753,753
126656,efe9fa21-2ec8-4d29-ae1f-c141b73fd151,FEET CUTTING VAR,feet-cutting-var,7A,0,753,753
462592,efe9fa21-2ec8-4d29-ae1f-c141b73fd151,FETAL ALCOHOL V6,fetal-alcohol-v6,7A,0,753,753
213011,efe9fa21-2ec8-4d29-ae1f-c141b73fd151,FLINT LOCK HARDER,flint-lock-harder,7A,0,753,753
137667,efe9fa21-2ec8-4d29-ae1f-c141b73fd151,FOXCATCHER,foxcatcher,7A,0,753,753
321097,efe9fa21-2ec8-4d29-ae1f-c141b73fd151,FREEDOM,freedom,7A,0,753,753
46458,efe9fa21-2ec8-4d29-ae1f-c141b73fd151,GANTRISCHLI,gantrischli,7A,0,753,753
402232,efe9fa21-2ec8-4d29-ae1f-c141b73fd151,HANS KRIMPER,hans-krimper,7A,0,753,753
19218,efe9fa21-2ec8-4d29-ae1f-c141b73fd151,HARD TIMES,hard-times,7A,0,753,753
20967,efe9fa21-2ec8-4d29-ae1f-c141b73fd151,HEAVY RAIN,heavy-rain,7A,0,753,753
91875,efe9fa21-2ec8-4d29-ae1f-c141b73fd151,HOT HAM WATER,hot-ham-water,7A,0,753,753
305694,efe9fa21-2ec8-4d29-ae1f-c141b73fd151,HULLABALOO,hullabaloo,7A,0,753,753
25841,efe9fa21-2ec8-4d29-ae1f-c141b73fd151,IMPROVVISAZIONE,improvvisazione,7A,0,753,753
402973,efe9fa21-2ec8-4d29-ae1f-c141b73fd151,İNCESU BLUES,incesu-blues,7A,0,753,753
48765,efe9fa21-2ec8-4d29-ae1f-c141b73fd151,INTIMISSIMI #2,intimissimi-2,7A,0,753,753
62286,efe9fa21-2ec8-4d29-ae1f-c141b73fd151,JALAPEÑO,jalapeño,7A,0,753,753
365578,efe9fa21-2ec8-4d29-ae1f-c141b73fd151,JK312-6,jk312-6,7A,0,753,753
67015,efe9fa21-2ec8-4d29-ae1f-c141b73fd151,KEMAL'S VAR,kemal-s-var,7A,0,753,753
22547,efe9fa21-2ec8-4d29-ae1f-c141b73fd151,KIM DOYEON IOI,kim-doyeon-ioi,7A,0,753,753
22040,efe9fa21-2ec8-4d29-ae1f-c141b73fd151,KIM SE JEONG IOI,kim-se-jeong-ioi,7A,0,753,753
47109,efe9fa21-2ec8-4d29-ae1f-c141b73fd151,LA ROSE ET LE MOONBOARD,la-rose-et-le-moonboard,7A,0,753,753
184295,efe9fa21-2ec8-4d29-ae1f-c141b73fd151,MAGNUM,magnum,7A,0,753,753
27250,efe9fa21-2ec8-4d29-ae1f-c141b73fd151,MARKY MARK LANGSTON,marky-mark-langston,7A,0,753,753
23428,efe9fa21-2ec8-4d29-ae1f-c141b73fd151,MARTIN'S PROBLEM 1,martin-s-problem-1,7A,0,753,753
62141,efe9fa21-2ec8-4d29-ae1f-c141b73fd151,MIRROR-WALL,mirror-wall,7A,0,753,753
69426,efe9fa21-2ec8-4d29-ae1f-c141b73fd151,MO6,mo6,7A,0,753,753
121413,efe9fa21-2ec8-4d29-ae1f-c141b73fd151,MOON SWING,moon-swing,7A,0,753,753
55784,efe9fa21-2ec8-4d29-ae1f-c141b73fd151,NEED MORE SKIN!,need-more-skin,7A,0,753,753
314514,efe9fa21-2ec8-4d29-ae1f-c141b73fd151,NO ONE CRIMPS LIKE GASTÓN,no-one-crimps-like-gastón,7A,0,753,753
30627,efe9fa21-2ec8-4d29-ae1f-c141b73fd151,NORTHSIDE,northside,7A,0,753,753
452771,efe9fa21-2ec8-4d29-ae1f-c141b73fd151,OFF BALANCED,off-balanced,7A,0,753,753
21396,efe9fa21-2ec8-4d29-ae1f-c141b73fd151,POGO,pogo,7A,0,753,753
19225,efe9fa21-2ec8-4d29-ae1f-c141b73fd151,PROBLEM 11,problem-11,7A,0,753,753
19234,efe9fa21-2ec8-4d29-ae1f-c141b73fd151,PROBLEM 20,problem-20,7A,0,753,753
22594,efe9fa21-2ec8-4d29-ae1f-c141b73fd151,PULP FICTION,pulp-fiction,7A,0,753,753
164879,efe9fa21-2ec8-4d29-ae1f-c141b73fd151,PUNCH DRUNK,punch-drunk,7A,0,753,753
28832,efe9fa21-2ec8-4d29-ae1f-c141b73fd151,PYRO,pyro,7A,0,753,753
305884,efe9fa21-2ec8-4d29-ae1f-c141b73fd151,RAVEN,raven,7A,0,753,753
171108,efe9fa21-2ec8-4d29-ae1f-c141b73fd151,SHOULD OF STAYED AT HOME,should-of-stayed-at-home,7A,0,753,753
70272,efe9fa21-2ec8-4d29-ae1f-c141b73fd151,SHRINE 3,shrine-3,7A,0,753,753
326917,efe9fa21-2ec8-4d29-ae1f-c141b73fd151,STEEL CITY SLUGGER,steel-city-slugger,7A,0,753,753
55412,efe9fa21-2ec8-4d29-ae1f-c141b73fd151,STYCK,styck,7A,0,753,753
20774,efe9fa21-2ec8-4d29-ae1f-c141b73fd151,SUPERNOVA,supernova,7A,0,753,753
30534,efe9fa21-2ec8-4d29-ae1f-c141b73fd151,TEMPORARY BADNESS,temporary-badness,7A,0,753,753
424830,efe9fa21-2ec8-4d29-ae1f-c141b73fd151,THE COMIC BOOK,the-comic-book,7A,0,753,753
50356,efe9fa21-2ec8-4d29-ae1f-c141b73fd151,THE CRANE DIRECT,the-crane-direct,7A,0,753,753
70523,efe9fa21-2ec8-4d29-ae1f-c141b73fd151,THE DONT BITE (OFTEN),the-dont-bite-often,7A,0,753,753
90626,efe9fa21-2ec8-4d29-ae1f-c141b73fd151,THE FAMOUS FIVE,the-famous-five,7A,0,753,753
70743,efe9fa21-2ec8-4d29-ae1f-c141b73fd151,TOPO REACHO,topo-reacho,7A,0,753,753
74571,efe9fa21-2ec8-4d29-ae1f-c141b73fd151,UH-HUH,uh-huh,7A,0,753,753
60248,efe9fa21-2ec8-4d29-ae1f-c141b73fd151,UNO,uno,7A,0,753,753
313875,efe9fa21-2ec8-4d29-ae1f-c141b73fd151,WOLFE CRYAR,wolfe-cryar,7A,0,753,753
80021,efe9fa21-2ec8-4d29-ae1f-c141b73fd151,YELLOW SUBMARIN,yellow-submarin,7A,0,753,753
127086,efe9fa21-2ec8-4d29-ae1f-c141b73fd151,#2 KH,-2-kh,6C+,0,703,703
137897,efe9fa21-2ec8-4d29-ae1f-c141b73fd151,7A TOO MUCH,7a-too-much,6C+,0,703,703
136668,efe9fa21-2ec8-4d29-ae1f-c141b73fd151,A LITTLE CROSSING,a-little-crossing,6C+,0,703,703
38855,efe9fa21-2ec8-4d29-ae1f-c141b73fd151,ACG39,acg39,6C+,0,703,703
41312,efe9fa21-2ec8-4d29-ae1f-c141b73fd151,ACG45,acg45,6C+,0,703,703
185773,efe9fa21-2ec8-4d29-ae1f-c141b73fd151,ALL SQUARE,all-square,6C+,0,703,703
49031,efe9fa21-2ec8-4d29-ae1f-c141b73fd151,ATTREZZO DI TORTURA,attrezzo-di-tortura,6C+,0,703,703
34387,efe9fa21-2ec8-4d29-ae1f-c141b73fd151,BALL-O-FUN,ball-o-fun,6C+,0,703,703
53436,efe9fa21-2ec8-4d29-ae1f-c141b73fd151,BETWEEN THE ****S,between-the-s,6C+,0,703,703
166287,efe9fa21-2ec8-4d29-ae1f-c141b73fd151,BINGO WAS HIS NAME,bingo-was-his-name,6C+,0,703,703
71109,efe9fa21-2ec8-4d29-ae1f-c141b73fd151,BOULDERGURU.DE,boulderguru-de,6C+,0,703,703
477513,efe9fa21-2ec8-4d29-ae1f-c141b73fd151,BRUSH FIRE,brush-fire,6C+,0,703,703
212142,efe9fa21-2ec8-4d29-ae1f-c141b73fd151,CHILLIN WITH TJ,chillin-with-tj,6C+,0,703,703
39071,efe9fa21-2ec8-4d29-ae1f-c141b73fd151,COBIA,cobia,6C+,0,703,703
199740,efe9fa21-2ec8-4d29-ae1f-c141b73fd151,DANIELSAN,danielsan,6C+,0,703,703
69372,efe9fa21-2ec8-4d29-ae1f-c141b73fd151,DEUK5,deuk5,6C+,0,703,703
144021,efe9fa21-2ec8-4d29-ae1f-c141b73fd151,DRIVEWAY,driveway,6C+,0,703,703
50367,efe9fa21-2ec8-4d29-ae1f-c141b73fd151,ENTER SANDBAG,enter-sandbag,6C+,0,703,703
310503,efe9fa21-2ec8-4d29-ae1f-c141b73fd151,FAT 'N WEAK,fat-n-weak,6C+,0,703,703
82609,efe9fa21-2ec8-4d29-ae1f-c141b73fd151,FINAL MINUTES,final-minutes,6C+,0,703,703
32430,efe9fa21-2ec8-4d29-ae1f-c141b73fd151,FLAPODROM,flapodrom,6C+,0,703,703
66446,efe9fa21-2ec8-4d29-ae1f-c141b73fd151,FROGLEG,frogleg,6C+,0,703,703
55417,efe9fa21-2ec8-4d29-ae1f-c141b73fd151,GESIER,gesier,6C+,0,703,703
85826,efe9fa21-2ec8-4d29-ae1f-c141b73fd151,GESIER-RIGHT HAND,gesier-right-hand,6C+,0,703,703
331290,efe9fa21-2ec8-4d29-ae1f-c141b73fd151,GRICIA,gricia,6C+,0,703,703
28514,efe9fa21-2ec8-4d29-ae1f-c141b73fd151,HALF MOON VAR,half-moon-var,6C+,0,703,703
20038,efe9fa21-2ec8-4d29-ae1f-c141b73fd151,HEMATOMA,hematoma,6C+,0,703,703
54641,efe9fa21-2ec8-4d29-ae1f-c141b73fd151,HENDL,hendl,6C+,0,703,703
55506,efe9fa21-2ec8-4d29-ae1f-c141b73fd151,HER COMES THE KING,her-comes-the-king,6C+,0,703,703
23261,efe9fa21-2ec8-4d29-ae1f-c141b73fd151,HOCUS POCUS,hocus-pocus,6C+,0,703,703
39700,efe9fa21-2ec8-4d29-ae1f-c141b73fd151,HOP SCOTCH,hop-scotch,6C+,0,703,703
77088,efe9fa21-2ec8-4d29-ae1f-c141b73fd151,I LOVE ROCK AND ROLL,i-love-rock-and-roll,6C+,0,703,703
25577,efe9fa21-2ec8-4d29-ae1f-c141b73fd151,JELLY BELLY,jelly-belly,6C+,0,703,703
181440,efe9fa21-2ec8-4d29-ae1f-c141b73fd151,LA PASSE DU MOINEAU,la-passe-du-moineau,6C+,0,703,703
295302,efe9fa21-2ec8-4d29-ae1f-c141b73fd151,LEAN BACK,lean-back,6C+,0,703,703
26693,efe9fa21-2ec8-4d29-ae1f-c141b73fd151,LEAP CREEP,leap-creep,6C+,0,703,703
63371,efe9fa21-2ec8-4d29-ae1f-c141b73fd151,LEFT JAB,left-jab,6C+,0,703,703
397799,efe9fa21-2ec8-4d29-ae1f-c141b73fd151,METAL MILITIA,metal-militia,6C+,0,703,703
34688,efe9fa21-2ec8-4d29-ae1f-c141b73fd151,NIMBLE NIMROD,nimble-nimrod,6C+,0,703,703
40879,efe9fa21-2ec8-4d29-ae1f-c141b73fd151,OLD YELLER,old-yeller,6C+,0,703,703
37091,efe9fa21-2ec8-4d29-ae1f-c141b73fd151,ONE SUMMER EASY,one-summer-easy,6C+,0,703,703
76503,efe9fa21-2ec8-4d29-ae1f-c141b73fd151,PETITIONING THE EMPTY SKY,petitioning-the-empty-sky,6C+,0,703,703
125109,efe9fa21-2ec8-4d29-ae1f-c141b73fd151,PHO MAI,pho-mai,6C+,0,703,703
306660,efe9fa21-2ec8-4d29-ae1f-c141b73fd151,PINCH ROAD,pinch-road,6C+,0,703,703
337509,efe9fa21-2ec8-4d29-ae1f-c141b73fd151,PIXEL BRICKS,pixel-bricks,6C+,0,703,703
26853,efe9fa21-2ec8-4d29-ae1f-c141b73fd151,PORELLAGGINE,porellaggine,6C+,0,703,703
41339,efe9fa21-2ec8-4d29-ae1f-c141b73fd151,POSSIBLE,possible,6C+,0,703,703
49191,efe9fa21-2ec8-4d29-ae1f-c141b73fd151,"RIGHTNESS, PT.3",rightness-pt-3,6C+,0,703,703
106424,efe9fa21-2ec8-4d29-ae1f-c141b73fd151,SHAKEDOWN STREET,shakedown-street,6C+,0,703,703
49576,efe9fa21-2ec8-4d29-ae1f-c141b73fd151,SITTING BULL,sitting-bull,6C+,0,703,703
321511,efe9fa21-2ec8-4d29-ae1f-c141b73fd151,SOFT THE PUZZLE,soft-the-puzzle,6C+,0,703,703
440134,efe9fa21-2ec8-4d29-ae1f-c141b73fd151,SPAGOONI MILK HOTEL,spagooni-milk-hotel,6C+,0,703,703
41345,efe9fa21-2ec8-4d29-ae1f-c141b73fd151,SWING HARD,swing-hard,6C+,0,703,703
19224,efe9fa21-2ec8-4d29-ae1f-c141b73fd151,TESS,tess,6C+,0,703,703
260849,efe9fa21-2ec8-4d29-ae1f-c141b73fd151,TIJUANA,tijuana,6C+,0,703,703
67296,efe9fa21-2ec8-4d29-ae1f-c141b73fd151,TOE HOOK,toe-hook,6C+,0,703,703
39074,efe9fa21-2ec8-4d29-ae1f-c141b73fd151,WAHOO,wahoo,6C+,0,703,703
137242,efe9fa21-2ec8-4d29-ae1f-c141b73fd151,XENOMORPH,xenomorph,6C+,0,703,703
118028,efe9fa21-2ec8-4d29-ae1f-c141b73fd151,紙一重 -KAMI HITOE-,紙一重-kami-hitoe,6C+,0,703,703
306776,efe9fa21-2ec8-4d29-ae1f-c141b73fd151,1817,1817,6C,0,653,653
34005,efe9fa21-2ec8-4d29-ae1f-c141b73fd151,ACG30,acg30,6C,0,653,653
20451,efe9fa21-2ec8-4d29-ae1f-c141b73fd151,ACG4,acg4,6C,0,653,653
89571,efe9fa21-2ec8-4d29-ae1f-c141b73fd151,ACG6 WAS TOO HARD,acg6-was-too-hard,6C,0,653,653
20735,efe9fa21-2ec8-4d29-ae1f-c141b73fd151,ARIGGARI,ariggari,6C,0,653,653
139394,efe9fa21-2ec8-4d29-ae1f-c141b73fd151,ATAUALPA,ataualpa,6C,0,653,653
360635,efe9fa21-2ec8-4d29-ae1f-c141b73fd151,ATTILALALA,attilalala,6C,0,653,653
306062,efe9fa21-2ec8-4d29-ae1f-c141b73fd151,B.O.B. 2,b-o-b-2,6C,0,653,653
45182,efe9fa21-2ec8-4d29-ae1f-c141b73fd151,BANANARAMA,bananarama,6C,0,653,653
335124,efe9fa21-2ec8-4d29-ae1f-c141b73fd151,BASTION,bastion,6C,0,653,653
36667,efe9fa21-2ec8-4d29-ae1f-c141b73fd151,BIGGY SMALLS,biggy-smalls,6C,0,653,653
331622,efe9fa21-2ec8-4d29-ae1f-c141b73fd151,BOTTOM LINE,bottom-line,6C,0,653,653
41029,efe9fa21-2ec8-4d29-ae1f-c141b73fd151,BOULDERWELT,boulderwelt,6C,0,653,653
57470,efe9fa21-2ec8-4d29-ae1f-c141b73fd151,BUTOLOGIA,butologia,6C,0,653,653
314508,efe9fa21-2ec8-4d29-ae1f-c141b73fd151,BZ - HYPERION,bz-hyperion,6C,0,653,653
399507,efe9fa21-2ec8-4d29-ae1f-c141b73fd151,COMME NEIGE AU SOLEIL,comme-neige-au-soleil,6C,0,653,653
181435,efe9fa21-2ec8-4d29-ae1f-c141b73fd151,DES GROS CUTLOOSE PAS RAP,des-gros-cutloose-pas-rap,6C,0,653,653
46508,efe9fa21-2ec8-4d29-ae1f-c141b73fd151,DOUBLE CROSS,double-cross,6C,0,653,653
25652,efe9fa21-2ec8-4d29-ae1f-c141b73fd151,DROP DEAD TENRYU,drop-dead-tenryu,6C,0,653,653
19766,efe9fa21-2ec8-4d29-ae1f-c141b73fd151,ELANOMOUS,elanomous,6C,0,653,653
300214,efe9fa21-2ec8-4d29-ae1f-c141b73fd151,FAMILY MAN,family-man,6C,0,653,653
35345,efe9fa21-2ec8-4d29-ae1f-c141b73fd151,FIRST SET: PINCH 'N' INCH,first-set-pinch-n-inch,6C,0,653,653
41190,efe9fa21-2ec8-4d29-ae1f-c141b73fd151,FLASHING STYLES FOR YOU,flashing-styles-for-you,6C,0,653,653
23803,efe9fa21-2ec8-4d29-ae1f-c141b73fd151,FLOAT LIKE A BUTTERFLY,float-like-a-butterfly,6C,0,653,653
113385,efe9fa21-2ec8-4d29-ae1f-c141b73fd151,FOUNDRY COMP HARD 2,foundry-comp-hard-2,6C,0,653,653
178758,efe9fa21-2ec8-4d29-ae1f-c141b73fd151,FULL MOON PARTY,full-moon-party,6C,0,653,653
24641,efe9fa21-2ec8-4d29-ae1f-c141b73fd151,GRAB THE D,grab-the-d,6C,0,653,653
170230,efe9fa21-2ec8-4d29-ae1f-c141b73fd151,GRIFETE HANDS,grifete-hands,6C,0,653,653
54384,efe9fa21-2ec8-4d29-ae1f-c141b73fd151,HOLD THE SWING,hold-the-swing,6C,0,653,653
25506,efe9fa21-2ec8-4d29-ae1f-c141b73fd151,HOOK IT,hook-it,6C,0,653,653
341768,efe9fa21-2ec8-4d29-ae1f-c141b73fd151,HORSESHOE,horseshoe,6C,0,653,653
26620,efe9fa21-2ec8-4d29-ae1f-c141b73fd151,JENS A WATCHING,jens-a-watching,6C,0,653,653
125131,efe9fa21-2ec8-4d29-ae1f-c141b73fd151,JUST ANOTHER DAY,just-another-day,6C,0,653,653
274947,efe9fa21-2ec8-4d29-ae1f-c141b73fd151,LE UOVA SODE,le-uova-sode,6C,0,653,653
39242,efe9fa21-2ec8-4d29-ae1f-c141b73fd151,LOW CARB VAR,low-carb-var,6C,0,653,653
27102,efe9fa21-2ec8-4d29-ae1f-c141b73fd151,MAFFEI,maffei,6C,0,653,653
196769,efe9fa21-2ec8-4d29-ae1f-c141b73fd151,MOON CASTLE,moon-castle,6C,0,653,653
172010,efe9fa21-2ec8-4d29-ae1f-c141b73fd151,MOONING,mooning,6C,0,653,653
337544,efe9fa21-2ec8-4d29-ae1f-c141b73fd151,MOONWARS MILLENNIUMFALCON,moonwars-millenniumfalcon,6C,0,653,653
307834,efe9fa21-2ec8-4d29-ae1f-c141b73fd151,OVN,ovn,6C,0,653,653
66038,efe9fa21-2ec8-4d29-ae1f-c141b73fd151,PE3/1,pe3-1,6C,0,653,653
19233,efe9fa21-2ec8-4d29-ae1f-c141b73fd151,PROBLEM 19,problem-19,6C,0,653,653
102018,efe9fa21-2ec8-4d29-ae1f-c141b73fd151,PURGATORY,purgatory,6C,0,653,653
29901,efe9fa21-2ec8-4d29-ae1f-c141b73fd151,RUSTY MORNING,rusty-morning,6C,0,653,653
20473,efe9fa21-2ec8-4d29-ae1f-c141b73fd151,SALTEDBLOCKS 2,saltedblocks-2,6C,0,653,653
169636,efe9fa21-2ec8-4d29-ae1f-c141b73fd151,SISÚ,sisú,6C,0,653,653
124553,efe9fa21-2ec8-4d29-ae1f-c141b73fd151,SLAB TRAINING,slab-training,6C,0,653,653
25043,efe9fa21-2ec8-4d29-ae1f-c141b73fd151,SLIGHTLY SKEWED,slightly-skewed,6C,0,653,653
41542,efe9fa21-2ec8-4d29-ae1f-c141b73fd151,SOURKRAWT,sourkrawt,6C,0,653,653
190906,efe9fa21-2ec8-4d29-ae1f-c141b73fd151,SUNNY SIDE,sunny-side,6C,0,653,653
110330,efe9fa21-2ec8-4d29-ae1f-c141b73fd151,SURESHOT,sureshot,6C,0,653,653
121194,efe9fa21-2ec8-4d29-ae1f-c141b73fd151,SWITCHEROO,switcheroo,6C,0,653,653
21921,efe9fa21-2ec8-4d29-ae1f-c141b73fd151,TESS WIDE,tess-wide,6C,0,653,653
256493,efe9fa21-2ec8-4d29-ae1f-c141b73fd151,THE OLD MAN AND THE BOARD,the-old-man-and-the-board,6C,0,653,653
30524,efe9fa21-2ec8-4d29-ae1f-c141b73fd151,THE SENDTRAIN,the-sendtrain,6C,0,653,653
27394,efe9fa21-2ec8-4d29-ae1f-c141b73fd151,UNDER THE WALNUT TREE,under-the-walnut-tree,6C,0,653,653
353103,efe9fa21-2ec8-4d29-ae1f-c141b73fd151,VISIONARY,visionary,6C,0,653,653
142730,efe9fa21-2ec8-4d29-ae1f-c141b73fd151,VORTEX ORIGINAL,vortex-original,6C,0,653,653
79777,efe9fa21-2ec8-4d29-ae1f-c141b73fd151,WAITING FOR HARDTIMES,waiting-for-hardtimes,6C,0,653,653
148169,efe9fa21-2ec8-4d29-ae1f-c141b73fd151,WHAAAAT,whaaaat,6C,0,653,653
320533,efe9fa21-2ec8-4d29-ae1f-c141b73fd151,WINKYLANDIA,winkylandia,6C,0,653,653
80802,efe9fa21-2ec8-4d29-ae1f-c141b73fd151,WRECKONIZE,wreckonize,6C,0,653,653
268943,efe9fa21-2ec8-4d29-ae1f-c141b73fd151,YOU'RE AMAZING,you-re-amazing,6C,0,653,653
201921,efe9fa21-2ec8-4d29-ae1f-c141b73fd151,YOURS,yours,6C,0,653,653
184714,efe9fa21-2ec8-4d29-ae1f-c141b73fd151,超絶技巧,超絶技巧,6C,0,653,653
20860,efe9fa21-2ec8-4d29-ae1f-c141b73fd151,ACG12,acg12,6B+,0,603,603
19310,efe9fa21-2ec8-4d29-ae1f-c141b73fd151,AL A GAIT OR?,al-a-gait-or,6B+,0,603,603
380784,efe9fa21-2ec8-4d29-ae1f-c141b73fd151,AMPHORA,amphora,6B+,0,603,603
20153,efe9fa21-2ec8-4d29-ae1f-c141b73fd151,AN EASY PROBLEM,an-easy-problem,6B+,0,603,603
273016,efe9fa21-2ec8-4d29-ae1f-c141b73fd151,ASTRO CREEP,astro-creep,6B+,0,603,603
307689,efe9fa21-2ec8-4d29-ae1f-c141b73fd151,ATTIC V - 2,attic-v-2,6B+,0,603,603
64714,efe9fa21-2ec8-4d29-ae1f-c141b73fd151,BISCUITS AND GRAVY,biscuits-and-gravy,6B+,0,603,603
262846,efe9fa21-2ec8-4d29-ae1f-c141b73fd151,BITTER,bitter,6B+,0,603,603
29360,efe9fa21-2ec8-4d29-ae1f-c141b73fd151,BRZÓZON 2,brzózon-2,6B+,0,603,603
314435,efe9fa21-2ec8-4d29-ae1f-c141b73fd151,BZ - MYSTIC RHYTHMS,bz-mystic-rhythms,6B+,0,603,603
19536,efe9fa21-2ec8-4d29-ae1f-c141b73fd151,CAKEWALK,cakewalk,6B+,0,603,603
24448,efe9fa21-2ec8-4d29-ae1f-c141b73fd151,CALLA,calla,6B+,0,603,603
232300,efe9fa21-2ec8-4d29-ae1f-c141b73fd151,CHOSSY MESS,chossy-mess,6B+,0,603,603
416067,efe9fa21-2ec8-4d29-ae1f-c141b73fd151,CIAO BAMBINO,ciao-bambino,6B+,0,603,603
314250,efe9fa21-2ec8-4d29-ae1f-c141b73fd151,CONFIDENCE BOOST,confidence-boost,6B+,0,603,603
19538,efe9fa21-2ec8-4d29-ae1f-c141b73fd151,COSMIC MONSTERS,cosmic-monsters,6B+,0,603,603
238119,efe9fa21-2ec8-4d29-ae1f-c141b73fd151,DISPENSORY,dispensory,6B+,0,603,603
326272,efe9fa21-2ec8-4d29-ae1f-c141b73fd151,DIVESTMENT PLAN,divestment-plan,6B+,0,603,603
409710,efe9fa21-2ec8-4d29-ae1f-c141b73fd151,DR. PINCH,dr-pinch,6B+,0,603,603
192386,efe9fa21-2ec8-4d29-ae1f-c141b73fd151,DSTYLE,dstyle,6B+,0,603,603
134795,efe9fa21-2ec8-4d29-ae1f-c141b73fd151,DUPLICATE TEST,duplicate-test,6B+,0,603,603
123453,efe9fa21-2ec8-4d29-ae1f-c141b73fd151,EASY DOES IT,easy-does-it,6B+,0,603,603
311645,efe9fa21-2ec8-4d29-ae1f-c141b73fd151,EASY-PEASY LEMON SQUEEZY,easy-peasy-lemon-squeezy,6B+,0,603,603
35858,efe9fa21-2ec8-4d29-ae1f-c141b73fd151,EVERT DAY,evert-day,6B+,0,603,603
19540,efe9fa21-2ec8-4d29-ae1f-c141b73fd151,E-Z CHEESE,e-z-cheese,6B+,0,603,603
29565,efe9fa21-2ec8-4d29-ae1f-c141b73fd151,F**K TRUMP!,f-k-trump,6B+,0,603,603
19215,efe9fa21-2ec8-4d29-ae1f-c141b73fd151,FAR FROM THE MADDING CROWD,far-from-the-madding-crowd,6B+,0,603,603
19542,efe9fa21-2ec8-4d29-ae1f-c141b73fd151,FLASH GORDON,flash-gordon,6B+,0,603,603
128535,efe9fa21-2ec8-4d29-ae1f-c141b73fd151,FORSØK 17,forsøk-17,6B+,0,603,603
152217,efe9fa21-2ec8-4d29-ae1f-c141b73fd151,FORSØK 25,forsøk-25,6B+,0,603,603
325079,efe9fa21-2ec8-4d29-ae1f-c141b73fd151,GETTING FINGERS READY,getting-fingers-ready,6B+,0,603,603
19585,efe9fa21-2ec8-4d29-ae1f-c141b73fd151,GRAVITY'S RAINBOW,gravity-s-rainbow,6B+,0,603,603
341104,efe9fa21-2ec8-4d29-ae1f-c141b73fd151,HATHA YOGA,hatha-yoga,6B+,0,603,603
159366,efe9fa21-2ec8-4d29-ae1f-c141b73fd151,HON'S WAY TO HELL,hon-s-way-to-hell,6B+,0,603,603
49969,efe9fa21-2ec8-4d29-ae1f-c141b73fd151,HUGO ELIMINATE CLEAN,hugo-eliminate-clean,6B+,0,603,603
226072,efe9fa21-2ec8-4d29-ae1f-c141b73fd151,I'M NOT A SETTER,i-m-not-a-setter,6B+,0,603,603
274171,efe9fa21-2ec8-4d29-ae1f-c141b73fd151,IN MY APPROACH SHOES...,in-my-approach-shoes,6B+,0,603,603
21329,efe9fa21-2ec8-4d29-ae1f-c141b73fd151,KLINGON EASY,klingon-easy,6B+,0,603,603
243461,efe9fa21-2ec8-4d29-ae1f-c141b73fd151,LA PRESA DI COSTANTINOPOL,la-presa-di-costantinopol,6B+,0,603,603
308058,efe9fa21-2ec8-4d29-ae1f-c141b73fd151,MAGGIE’S PROBLEM,maggie-s-problem,6B+,0,603,603
20461,efe9fa21-2ec8-4d29-ae1f-c141b73fd151,MARK2,mark2,6B+,0,603,603
332646,efe9fa21-2ec8-4d29-ae1f-c141b73fd151,NIMBUS,nimbus,6B+,0,603,603
229614,efe9fa21-2ec8-4d29-ae1f-c141b73fd151,NO FOOT,no-foot,6B+,0,603,603
325456,efe9fa21-2ec8-4d29-ae1f-c141b73fd151,OUTLANDERS FEELINGS 6B,outlanders-feelings-6b,6B+,0,603,603
49646,efe9fa21-2ec8-4d29-ae1f-c141b73fd151,PIECE OF CAKE FOR YAYA,piece-of-cake-for-yaya,6B+,0,603,603
49648,efe9fa21-2ec8-4d29-ae1f-c141b73fd151,PLEDGE TO HEDGE,pledge-to-hedge,6B+,0,603,603
49666,efe9fa21-2ec8-4d29-ae1f-c141b73fd151,PULL YASELF UP! YAY,pull-yaself-up-yay,6B+,0,603,603
369295,efe9fa21-2ec8-4d29-ae1f-c141b73fd151,QUARANTINE #4,quarantine-4,6B+,0,603,603
80197,efe9fa21-2ec8-4d29-ae1f-c141b73fd151,RAINY DAY,rainy-day,6B+,0,603,603
196284,efe9fa21-2ec8-4d29-ae1f-c141b73fd151,RISCALDAMENTO TIA 6A,riscaldamento-tia-6a,6B+,0,603,603
20471,efe9fa21-2ec8-4d29-ae1f-c141b73fd151,SALTEDBLOCKS 1,saltedblocks-1,6B+,0,603,603
170185,efe9fa21-2ec8-4d29-ae1f-c141b73fd151,SALUHALLEN 4,saluhallen-4,6B+,0,603,603
170190,efe9fa21-2ec8-4d29-ae1f-c141b73fd151,SALUHALLEN 6,saluhallen-6,6B+,0,603,603
160167,efe9fa21-2ec8-4d29-ae1f-c141b73fd151,SB WARM UP (6A),sb-warm-up-6a,6B+,0,603,603
339861,efe9fa21-2ec8-4d29-ae1f-c141b73fd151,SOLIDARITY,solidarity,6B+,0,603,603
32304,efe9fa21-2ec8-4d29-ae1f-c141b73fd151,SPOONBILL,spoonbill,6B+,0,603,603
67070,efe9fa21-2ec8-4d29-ae1f-c141b73fd151,SQUINCHER,squincher,6B+,0,603,603
241018,efe9fa21-2ec8-4d29-ae1f-c141b73fd151,STANDARD AND POOR'S,standard-and-poor-s,6B+,0,603,603
54752,efe9fa21-2ec8-4d29-ae1f-c141b73fd151,STANDING ROCK,standing-rock,6B+,0,603,603
158100,efe9fa21-2ec8-4d29-ae1f-c141b73fd151,TBA WARMUP 1,tba-warmup-1,6B+,0,603,603
149984,efe9fa21-2ec8-4d29-ae1f-c141b73fd151,TE GUSTA?,te-gusta,6B+,0,603,603
132090,efe9fa21-2ec8-4d29-ae1f-c141b73fd151,THE SPLATTER EFFECT,the-splatter-effect,6B+,0,603,603
354280,efe9fa21-2ec8-4d29-ae1f-c141b73fd151,TIPI DA SALETTA,tipi-da-saletta,6B+,0,603,603
55462,efe9fa21-2ec8-4d29-ae1f-c141b73fd151,UP!!!,up,6B+,0,603,603
322941,efe9fa21-2ec8-4d29-ae1f-c141b73fd151,V4 FLASH,v4-flash,6B+,0,603,603
251082,efe9fa21-2ec8-4d29-ae1f-c141b73fd151,V4 GUMBY,v4-gumby,6B+,0,603,603
310143,efe9fa21-2ec8-4d29-ae1f-c141b73fd151,VIVA,viva,6B+,0,603,603
34383,efe9fa21-2ec8-4d29-ae1f-c141b73fd151,WARM ME UP,warm-me-up,6B+,0,603,603
311919,efe9fa21-2ec8-4d29-ae1f-c141b73fd151,WARM UP 1031,warm-up-1031,6B+,0,603,603
103695,efe9fa21-2ec8-4d29-ae1f-c141b73fd151,WARM UP NO. 10,warm-up-no-10,6B+,0,603,603
91202,efe9fa21-2ec8-4d29-ae1f-c141b73fd151,WARM UP NO. 8,warm-up-no-8,6B+,0,603,603
19216,efe9fa21-2ec8-4d29-ae1f-c141b73fd151,WUTHERING HEIGHTS,wuthering-heights,6B+,0,603,603
88172,efe9fa21-2ec8-4d29-ae1f-c141b73fd151,YAYABLACK,yayablack,6B+,0,603,603
312142,efe9fa21-2ec8-4d29-ae1f-c141b73fd151,YOU GET A CAR,you-get-a-car,6B+,0,603,603
96879,efe9fa21-2ec8-4d29-ae1f-c141b73fd151,課題2,課題2,6B+,0,603,603
140195,efe9fa21-2ec8-4d29-ae1f-c141b73fd151,課題24,課題24,6B+,0,603,603
